zhongxing-storagestacked-offline-20261009-burst.tar.part-0000	25000000
zhongxing-storagestacked-offline-20261009-burst.tar.part-0001	25000000
zhongxing-storagestacked-offline-20261009-burst.tar.part-0002	25000000
zhongxing-storagestacked-offline-20261009-burst.tar.part-0003	25000000
zhongxing-storagestacked-offline-20261009-burst.tar.part-0004	25000000
zhongxing-storagestacked-offline-20261009-burst.tar.part-0005	25000000
zhongxing-storagestacked-offline-20261009-burst.tar.part-0006	25000000
zhongxing-storagestacked-offline-20261009-burst.tar.part-0007	25000000
zhongxing-storagestacked-offline-20261009-burst.tar.part-0008	25000000
zhongxing-storagestacked-offline-20261009-burst.tar.part-0009	25000000
zhongxing-storagestacked-offline-20261009-burst.tar.part-0010	25000000
zhongxing-storagestacked-offline-20261009-burst.tar.part-0011	25000000
zhongxing-storagestacked-offline-20261009-burst.tar.part-0012	25000000
zhongxing-storagestacked-offline-20261009-burst.tar.part-0013	25000000
zhongxing-storagestacked-offline-20261009-burst.tar.part-0014	25000000
zhongxing-storagestacked-offline-20261009-burst.tar.part-0015	25000000
zhongxing-storagestacked-offline-20261009-burst.tar.part-0016	25000000
zhongxing-storagestacked-offline-20261009-burst.tar.part-0017	25000000
zhongxing-storagestacked-offline-20261009-burst.tar.part-0018	25000000
zhongxing-storagestacked-offline-20261009-burst.tar.part-0019	25000000
zhongxing-storagestacked-offline-20261009-burst.tar.part-0020	25000000
zhongxing-storagestacked-offline-20261009-burst.tar.part-0021	25000000
zhongxing-storagestacked-offline-20261009-burst.tar.part-0022	25000000
zhongxing-storagestacked-offline-20261009-burst.tar.part-0023	25000000
zhongxing-storagestacked-offline-20261009-burst.tar.part-0024	25000000
zhongxing-storagestacked-offline-20261009-burst.tar.part-0025	25000000
zhongxing-storagestacked-offline-20261009-burst.tar.part-0026	25000000
zhongxing-storagestacked-offline-20261009-burst.tar.part-0027	25000000
zhongxing-storagestacked-offline-20261009-burst.tar.part-0028	25000000
zhongxing-storagestacked-offline-20261009-burst.tar.part-0029	25000000
zhongxing-storagestacked-offline-20261009-burst.tar.part-0030	25000000
zhongxing-storagestacked-offline-20261009-burst.tar.part-0031	25000000
zhongxing-storagestacked-offline-20261009-burst.tar.part-0032	25000000
zhongxing-storagestacked-offline-20261009-burst.tar.part-0033	25000000
zhongxing-storagestacked-offline-20261009-burst.tar.part-0034	25000000
zhongxing-storagestacked-offline-20261009-burst.tar.part-0035	25000000
zhongxing-storagestacked-offline-20261009-burst.tar.part-0036	25000000
zhongxing-storagestacked-offline-20261009-burst.tar.part-0037	25000000
zhongxing-storagestacked-offline-20261009-burst.tar.part-0038	25000000
zhongxing-storagestacked-offline-20261009-burst.tar.part-0039	25000000
zhongxing-storagestacked-offline-20261009-burst.tar.part-0040	25000000
zhongxing-storagestacked-offline-20261009-burst.tar.part-0041	25000000
zhongxing-storagestacked-offline-20261009-burst.tar.part-0042	25000000
zhongxing-storagestacked-offline-20261009-burst.tar.part-0043	25000000
zhongxing-storagestacked-offline-20261009-burst.tar.part-0044	25000000
zhongxing-storagestacked-offline-20261009-burst.tar.part-0045	25000000
zhongxing-storagestacked-offline-20261009-burst.tar.part-0046	25000000
zhongxing-storagestacked-offline-20261009-burst.tar.part-0047	25000000
zhongxing-storagestacked-offline-20261009-burst.tar.part-0048	25000000
zhongxing-storagestacked-offline-20261009-burst.tar.part-0049	25000000
zhongxing-storagestacked-offline-20261009-burst.tar.part-0050	25000000
zhongxing-storagestacked-offline-20261009-burst.tar.part-0051	25000000
zhongxing-storagestacked-offline-20261009-burst.tar.part-0052	25000000
zhongxing-storagestacked-offline-20261009-burst.tar.part-0053	25000000
zhongxing-storagestacked-offline-20261009-burst.tar.part-0054	25000000
zhongxing-storagestacked-offline-20261009-burst.tar.part-0055	25000000
zhongxing-storagestacked-offline-20261009-burst.tar.part-0056	25000000
zhongxing-storagestacked-offline-20261009-burst.tar.part-0057	25000000
zhongxing-storagestacked-offline-20261009-burst.tar.part-0058	25000000
zhongxing-storagestacked-offline-20261009-burst.tar.part-0059	25000000
zhongxing-storagestacked-offline-20261009-burst.tar.part-0060	25000000
zhongxing-storagestacked-offline-20261009-burst.tar.part-0061	25000000
zhongxing-storagestacked-offline-20261009-burst.tar.part-0062	25000000
zhongxing-storagestacked-offline-20261009-burst.tar.part-0063	25000000
zhongxing-storagestacked-offline-20261009-burst.tar.part-0064	25000000
zhongxing-storagestacked-offline-20261009-burst.tar.part-0065	25000000
zhongxing-storagestacked-offline-20261009-burst.tar.part-0066	25000000
zhongxing-storagestacked-offline-20261009-burst.tar.part-0067	25000000
zhongxing-storagestacked-offline-20261009-burst.tar.part-0068	25000000
zhongxing-storagestacked-offline-20261009-burst.tar.part-0069	25000000
zhongxing-storagestacked-offline-20261009-burst.tar.part-0070	25000000
zhongxing-storagestacked-offline-20261009-burst.tar.part-0071	25000000
zhongxing-storagestacked-offline-20261009-burst.tar.part-0072	25000000
zhongxing-storagestacked-offline-20261009-burst.tar.part-0073	25000000
zhongxing-storagestacked-offline-20261009-burst.tar.part-0074	25000000
zhongxing-storagestacked-offline-20261009-burst.tar.part-0075	25000000
zhongxing-storagestacked-offline-20261009-burst.tar.part-0076	25000000
zhongxing-storagestacked-offline-20261009-burst.tar.part-0077	25000000
zhongxing-storagestacked-offline-20261009-burst.tar.part-0078	25000000
zhongxing-storagestacked-offline-20261009-burst.tar.part-0079	25000000
zhongxing-storagestacked-offline-20261009-burst.tar.part-0080	25000000
zhongxing-storagestacked-offline-20261009-burst.tar.part-0081	25000000
zhongxing-storagestacked-offline-20261009-burst.tar.part-0082	25000000
zhongxing-storagestacked-offline-20261009-burst.tar.part-0083	25000000
zhongxing-storagestacked-offline-20261009-burst.tar.part-0084	25000000
zhongxing-storagestacked-offline-20261009-burst.tar.part-0085	25000000
zhongxing-storagestacked-offline-20261009-burst.tar.part-0086	25000000
zhongxing-storagestacked-offline-20261009-burst.tar.part-0087	25000000
zhongxing-storagestacked-offline-20261009-burst.tar.part-0088	25000000
zhongxing-storagestacked-offline-20261009-burst.tar.part-0089	25000000
zhongxing-storagestacked-offline-20261009-burst.tar.part-0090	25000000
zhongxing-storagestacked-offline-20261009-burst.tar.part-0091	25000000
zhongxing-storagestacked-offline-20261009-burst.tar.part-0092	25000000
zhongxing-storagestacked-offline-20261009-burst.tar.part-0093	25000000
zhongxing-storagestacked-offline-20261009-burst.tar.part-0094	25000000
zhongxing-storagestacked-offline-20261009-burst.tar.part-0095	25000000
zhongxing-storagestacked-offline-20261009-burst.tar.part-0096	25000000
zhongxing-storagestacked-offline-20261009-burst.tar.part-0097	25000000
zhongxing-storagestacked-offline-20261009-burst.tar.part-0098	25000000
zhongxing-storagestacked-offline-20261009-burst.tar.part-0099	25000000
zhongxing-storagestacked-offline-20261009-burst.tar.part-0100	25000000
zhongxing-storagestacked-offline-20261009-burst.tar.part-0101	25000000
zhongxing-storagestacked-offline-20261009-burst.tar.part-0102	25000000
zhongxing-storagestacked-offline-20261009-burst.tar.part-0103	25000000
zhongxing-storagestacked-offline-20261009-burst.tar.part-0104	25000000
zhongxing-storagestacked-offline-20261009-burst.tar.part-0105	25000000
zhongxing-storagestacked-offline-20261009-burst.tar.part-0106	25000000
zhongxing-storagestacked-offline-20261009-burst.tar.part-0107	25000000
zhongxing-storagestacked-offline-20261009-burst.tar.part-0108	25000000
zhongxing-storagestacked-offline-20261009-burst.tar.part-0109	25000000
zhongxing-storagestacked-offline-20261009-burst.tar.part-0110	25000000
zhongxing-storagestacked-offline-20261009-burst.tar.part-0111	25000000
zhongxing-storagestacked-offline-20261009-burst.tar.part-0112	25000000
zhongxing-storagestacked-offline-20261009-burst.tar.part-0113	25000000
zhongxing-storagestacked-offline-20261009-burst.tar.part-0114	25000000
zhongxing-storagestacked-offline-20261009-burst.tar.part-0115	25000000
zhongxing-storagestacked-offline-20261009-burst.tar.part-0116	25000000
zhongxing-storagestacked-offline-20261009-burst.tar.part-0117	25000000
zhongxing-storagestacked-offline-20261009-burst.tar.part-0118	25000000
zhongxing-storagestacked-offline-20261009-burst.tar.part-0119	25000000
zhongxing-storagestacked-offline-20261009-burst.tar.part-0120	25000000
zhongxing-storagestacked-offline-20261009-burst.tar.part-0121	25000000
zhongxing-storagestacked-offline-20261009-burst.tar.part-0122	25000000
zhongxing-storagestacked-offline-20261009-burst.tar.part-0123	25000000
zhongxing-storagestacked-offline-20261009-burst.tar.part-0124	25000000
zhongxing-storagestacked-offline-20261009-burst.tar.part-0125	25000000
zhongxing-storagestacked-offline-20261009-burst.tar.part-0126	25000000
zhongxing-storagestacked-offline-20261009-burst.tar.part-0127	25000000
zhongxing-storagestacked-offline-20261009-burst.tar.part-0128	25000000
zhongxing-storagestacked-offline-20261009-burst.tar.part-0129	25000000
zhongxing-storagestacked-offline-20261009-burst.tar.part-0130	25000000
zhongxing-storagestacked-offline-20261009-burst.tar.part-0131	25000000
zhongxing-storagestacked-offline-20261009-burst.tar.part-0132	25000000
zhongxing-storagestacked-offline-20261009-burst.tar.part-0133	25000000
zhongxing-storagestacked-offline-20261009-burst.tar.part-0134	25000000
zhongxing-storagestacked-offline-20261009-burst.tar.part-0135	25000000
zhongxing-storagestacked-offline-20261009-burst.tar.part-0136	25000000
zhongxing-storagestacked-offline-20261009-burst.tar.part-0137	25000000
zhongxing-storagestacked-offline-20261009-burst.tar.part-0138	25000000
zhongxing-storagestacked-offline-20261009-burst.tar.part-0139	25000000
zhongxing-storagestacked-offline-20261009-burst.tar.part-0140	25000000
zhongxing-storagestacked-offline-20261009-burst.tar.part-0141	25000000
zhongxing-storagestacked-offline-20261009-burst.tar.part-0142	25000000
zhongxing-storagestacked-offline-20261009-burst.tar.part-0143	25000000
zhongxing-storagestacked-offline-20261009-burst.tar.part-0144	25000000
zhongxing-storagestacked-offline-20261009-burst.tar.part-0145	25000000
zhongxing-storagestacked-offline-20261009-burst.tar.part-0146	25000000
zhongxing-storagestacked-offline-20261009-burst.tar.part-0147	25000000
zhongxing-storagestacked-offline-20261009-burst.tar.part-0148	25000000
zhongxing-storagestacked-offline-20261009-burst.tar.part-0149	25000000
zhongxing-storagestacked-offline-20261009-burst.tar.part-0150	25000000
zhongxing-storagestacked-offline-20261009-burst.tar.part-0151	25000000
zhongxing-storagestacked-offline-20261009-burst.tar.part-0152	25000000
zhongxing-storagestacked-offline-20261009-burst.tar.part-0153	25000000
zhongxing-storagestacked-offline-20261009-burst.tar.part-0154	25000000
zhongxing-storagestacked-offline-20261009-burst.tar.part-0155	25000000
zhongxing-storagestacked-offline-20261009-burst.tar.part-0156	25000000
zhongxing-storagestacked-offline-20261009-burst.tar.part-0157	25000000
zhongxing-storagestacked-offline-20261009-burst.tar.part-0158	25000000
zhongxing-storagestacked-offline-20261009-burst.tar.part-0159	25000000
zhongxing-storagestacked-offline-20261009-burst.tar.part-0160	25000000
zhongxing-storagestacked-offline-20261009-burst.tar.part-0161	25000000
zhongxing-storagestacked-offline-20261009-burst.tar.part-0162	25000000
zhongxing-storagestacked-offline-20261009-burst.tar.part-0163	25000000
zhongxing-storagestacked-offline-20261009-burst.tar.part-0164	25000000
zhongxing-storagestacked-offline-20261009-burst.tar.part-0165	25000000
zhongxing-storagestacked-offline-20261009-burst.tar.part-0166	25000000
zhongxing-storagestacked-offline-20261009-burst.tar.part-0167	25000000
zhongxing-storagestacked-offline-20261009-burst.tar.part-0168	25000000
zhongxing-storagestacked-offline-20261009-burst.tar.part-0169	25000000
zhongxing-storagestacked-offline-20261009-burst.tar.part-0170	25000000
zhongxing-storagestacked-offline-20261009-burst.tar.part-0171	25000000
zhongxing-storagestacked-offline-20261009-burst.tar.part-0172	25000000
zhongxing-storagestacked-offline-20261009-burst.tar.part-0173	25000000
zhongxing-storagestacked-offline-20261009-burst.tar.part-0174	25000000
zhongxing-storagestacked-offline-20261009-burst.tar.part-0175	25000000
zhongxing-storagestacked-offline-20261009-burst.tar.part-0176	25000000
zhongxing-storagestacked-offline-20261009-burst.tar.part-0177	25000000
zhongxing-storagestacked-offline-20261009-burst.tar.part-0178	25000000
zhongxing-storagestacked-offline-20261009-burst.tar.part-0179	25000000
zhongxing-storagestacked-offline-20261009-burst.tar.part-0180	25000000
zhongxing-storagestacked-offline-20261009-burst.tar.part-0181	25000000
zhongxing-storagestacked-offline-20261009-burst.tar.part-0182	25000000
zhongxing-storagestacked-offline-20261009-burst.tar.part-0183	25000000
zhongxing-storagestacked-offline-20261009-burst.tar.part-0184	25000000
zhongxing-storagestacked-offline-20261009-burst.tar.part-0185	25000000
zhongxing-storagestacked-offline-20261009-burst.tar.part-0186	25000000
zhongxing-storagestacked-offline-20261009-burst.tar.part-0187	25000000
zhongxing-storagestacked-offline-20261009-burst.tar.part-0188	25000000
zhongxing-storagestacked-offline-20261009-burst.tar.part-0189	25000000
zhongxing-storagestacked-offline-20261009-burst.tar.part-0190	25000000
zhongxing-storagestacked-offline-20261009-burst.tar.part-0191	25000000
zhongxing-storagestacked-offline-20261009-burst.tar.part-0192	25000000
zhongxing-storagestacked-offline-20261009-burst.tar.part-0193	25000000
zhongxing-storagestacked-offline-20261009-burst.tar.part-0194	25000000
zhongxing-storagestacked-offline-20261009-burst.tar.part-0195	25000000
zhongxing-storagestacked-offline-20261009-burst.tar.part-0196	25000000
zhongxing-storagestacked-offline-20261009-burst.tar.part-0197	25000000
zhongxing-storagestacked-offline-20261009-burst.tar.part-0198	25000000
zhongxing-storagestacked-offline-20261009-burst.tar.part-0199	25000000
zhongxing-storagestacked-offline-20261009-burst.tar.part-0200	25000000
zhongxing-storagestacked-offline-20261009-burst.tar.part-0201	25000000
zhongxing-storagestacked-offline-20261009-burst.tar.part-0202	25000000
zhongxing-storagestacked-offline-20261009-burst.tar.part-0203	25000000
zhongxing-storagestacked-offline-20261009-burst.tar.part-0204	25000000
zhongxing-storagestacked-offline-20261009-burst.tar.part-0205	25000000
zhongxing-storagestacked-offline-20261009-burst.tar.part-0206	25000000
zhongxing-storagestacked-offline-20261009-burst.tar.part-0207	25000000
zhongxing-storagestacked-offline-20261009-burst.tar.part-0208	25000000
zhongxing-storagestacked-offline-20261009-burst.tar.part-0209	25000000
zhongxing-storagestacked-offline-20261009-burst.tar.part-0210	25000000
zhongxing-storagestacked-offline-20261009-burst.tar.part-0211	25000000
zhongxing-storagestacked-offline-20261009-burst.tar.part-0212	25000000
zhongxing-storagestacked-offline-20261009-burst.tar.part-0213	25000000
zhongxing-storagestacked-offline-20261009-burst.tar.part-0214	25000000
zhongxing-storagestacked-offline-20261009-burst.tar.part-0215	25000000
zhongxing-storagestacked-offline-20261009-burst.tar.part-0216	25000000
zhongxing-storagestacked-offline-20261009-burst.tar.part-0217	25000000
zhongxing-storagestacked-offline-20261009-burst.tar.part-0218	25000000
zhongxing-storagestacked-offline-20261009-burst.tar.part-0219	25000000
zhongxing-storagestacked-offline-20261009-burst.tar.part-0220	25000000
zhongxing-storagestacked-offline-20261009-burst.tar.part-0221	25000000
zhongxing-storagestacked-offline-20261009-burst.tar.part-0222	25000000
zhongxing-storagestacked-offline-20261009-burst.tar.part-0223	25000000
zhongxing-storagestacked-offline-20261009-burst.tar.part-0224	25000000
zhongxing-storagestacked-offline-20261009-burst.tar.part-0225	25000000
zhongxing-storagestacked-offline-20261009-burst.tar.part-0226	25000000
zhongxing-storagestacked-offline-20261009-burst.tar.part-0227	25000000
zhongxing-storagestacked-offline-20261009-burst.tar.part-0228	25000000
zhongxing-storagestacked-offline-20261009-burst.tar.part-0229	25000000
zhongxing-storagestacked-offline-20261009-burst.tar.part-0230	25000000
zhongxing-storagestacked-offline-20261009-burst.tar.part-0231	25000000
zhongxing-storagestacked-offline-20261009-burst.tar.part-0232	25000000
zhongxing-storagestacked-offline-20261009-burst.tar.part-0233	25000000
zhongxing-storagestacked-offline-20261009-burst.tar.part-0234	25000000
zhongxing-storagestacked-offline-20261009-burst.tar.part-0235	25000000
zhongxing-storagestacked-offline-20261009-burst.tar.part-0236	25000000
zhongxing-storagestacked-offline-20261009-burst.tar.part-0237	25000000
zhongxing-storagestacked-offline-20261009-burst.tar.part-0238	25000000
zhongxing-storagestacked-offline-20261009-burst.tar.part-0239	25000000
zhongxing-storagestacked-offline-20261009-burst.tar.part-0240	25000000
zhongxing-storagestacked-offline-20261009-burst.tar.part-0241	25000000
zhongxing-storagestacked-offline-20261009-burst.tar.part-0242	25000000
zhongxing-storagestacked-offline-20261009-burst.tar.part-0243	25000000
zhongxing-storagestacked-offline-20261009-burst.tar.part-0244	25000000
zhongxing-storagestacked-offline-20261009-burst.tar.part-0245	25000000
zhongxing-storagestacked-offline-20261009-burst.tar.part-0246	25000000
zhongxing-storagestacked-offline-20261009-burst.tar.part-0247	25000000
zhongxing-storagestacked-offline-20261009-burst.tar.part-0248	25000000
zhongxing-storagestacked-offline-20261009-burst.tar.part-0249	25000000
zhongxing-storagestacked-offline-20261009-burst.tar.part-0250	25000000
zhongxing-storagestacked-offline-20261009-burst.tar.part-0251	25000000
zhongxing-storagestacked-offline-20261009-burst.tar.part-0252	25000000
zhongxing-storagestacked-offline-20261009-burst.tar.part-0253	25000000
zhongxing-storagestacked-offline-20261009-burst.tar.part-0254	25000000
zhongxing-storagestacked-offline-20261009-burst.tar.part-0255	25000000
zhongxing-storagestacked-offline-20261009-burst.tar.part-0256	25000000
zhongxing-storagestacked-offline-20261009-burst.tar.part-0257	25000000
zhongxing-storagestacked-offline-20261009-burst.tar.part-0258	25000000
zhongxing-storagestacked-offline-20261009-burst.tar.part-0259	25000000
zhongxing-storagestacked-offline-20261009-burst.tar.part-0260	25000000
zhongxing-storagestacked-offline-20261009-burst.tar.part-0261	25000000
zhongxing-storagestacked-offline-20261009-burst.tar.part-0262	25000000
zhongxing-storagestacked-offline-20261009-burst.tar.part-0263	25000000
zhongxing-storagestacked-offline-20261009-burst.tar.part-0264	25000000
zhongxing-storagestacked-offline-20261009-burst.tar.part-0265	25000000
zhongxing-storagestacked-offline-20261009-burst.tar.part-0266	25000000
zhongxing-storagestacked-offline-20261009-burst.tar.part-0267	25000000
zhongxing-storagestacked-offline-20261009-burst.tar.part-0268	25000000
zhongxing-storagestacked-offline-20261009-burst.tar.part-0269	25000000
zhongxing-storagestacked-offline-20261009-burst.tar.part-0270	25000000
zhongxing-storagestacked-offline-20261009-burst.tar.part-0271	25000000
zhongxing-storagestacked-offline-20261009-burst.tar.part-0272	25000000
zhongxing-storagestacked-offline-20261009-burst.tar.part-0273	25000000
zhongxing-storagestacked-offline-20261009-burst.tar.part-0274	25000000
zhongxing-storagestacked-offline-20261009-burst.tar.part-0275	25000000
zhongxing-storagestacked-offline-20261009-burst.tar.part-0276	25000000
zhongxing-storagestacked-offline-20261009-burst.tar.part-0277	25000000
zhongxing-storagestacked-offline-20261009-burst.tar.part-0278	25000000
zhongxing-storagestacked-offline-20261009-burst.tar.part-0279	25000000
zhongxing-storagestacked-offline-20261009-burst.tar.part-0280	25000000
zhongxing-storagestacked-offline-20261009-burst.tar.part-0281	25000000
zhongxing-storagestacked-offline-20261009-burst.tar.part-0282	25000000
zhongxing-storagestacked-offline-20261009-burst.tar.part-0283	25000000
zhongxing-storagestacked-offline-20261009-burst.tar.part-0284	25000000
zhongxing-storagestacked-offline-20261009-burst.tar.part-0285	25000000
zhongxing-storagestacked-offline-20261009-burst.tar.part-0286	25000000
zhongxing-storagestacked-offline-20261009-burst.tar.part-0287	25000000
zhongxing-storagestacked-offline-20261009-burst.tar.part-0288	25000000
zhongxing-storagestacked-offline-20261009-burst.tar.part-0289	25000000
zhongxing-storagestacked-offline-20261009-burst.tar.part-0290	25000000
zhongxing-storagestacked-offline-20261009-burst.tar.part-0291	25000000
zhongxing-storagestacked-offline-20261009-burst.tar.part-0292	25000000
zhongxing-storagestacked-offline-20261009-burst.tar.part-0293	25000000
zhongxing-storagestacked-offline-20261009-burst.tar.part-0294	25000000
zhongxing-storagestacked-offline-20261009-burst.tar.part-0295	25000000
zhongxing-storagestacked-offline-20261009-burst.tar.part-0296	25000000
zhongxing-storagestacked-offline-20261009-burst.tar.part-0297	25000000
zhongxing-storagestacked-offline-20261009-burst.tar.part-0298	25000000
zhongxing-storagestacked-offline-20261009-burst.tar.part-0299	25000000
zhongxing-storagestacked-offline-20261009-burst.tar.part-0300	25000000
zhongxing-storagestacked-offline-20261009-burst.tar.part-0301	25000000
zhongxing-storagestacked-offline-20261009-burst.tar.part-0302	25000000
zhongxing-storagestacked-offline-20261009-burst.tar.part-0303	25000000
zhongxing-storagestacked-offline-20261009-burst.tar.part-0304	25000000
zhongxing-storagestacked-offline-20261009-burst.tar.part-0305	25000000
zhongxing-storagestacked-offline-20261009-burst.tar.part-0306	25000000
zhongxing-storagestacked-offline-20261009-burst.tar.part-0307	25000000
zhongxing-storagestacked-offline-20261009-burst.tar.part-0308	25000000
zhongxing-storagestacked-offline-20261009-burst.tar.part-0309	25000000
zhongxing-storagestacked-offline-20261009-burst.tar.part-0310	25000000
zhongxing-storagestacked-offline-20261009-burst.tar.part-0311	25000000
zhongxing-storagestacked-offline-20261009-burst.tar.part-0312	25000000
zhongxing-storagestacked-offline-20261009-burst.tar.part-0313	25000000
zhongxing-storagestacked-offline-20261009-burst.tar.part-0314	25000000
zhongxing-storagestacked-offline-20261009-burst.tar.part-0315	25000000
zhongxing-storagestacked-offline-20261009-burst.tar.part-0316	25000000
zhongxing-storagestacked-offline-20261009-burst.tar.part-0317	25000000
zhongxing-storagestacked-offline-20261009-burst.tar.part-0318	25000000
zhongxing-storagestacked-offline-20261009-burst.tar.part-0319	25000000
zhongxing-storagestacked-offline-20261009-burst.tar.part-0320	25000000
zhongxing-storagestacked-offline-20261009-burst.tar.part-0321	25000000
zhongxing-storagestacked-offline-20261009-burst.tar.part-0322	25000000
zhongxing-storagestacked-offline-20261009-burst.tar.part-0323	25000000
zhongxing-storagestacked-offline-20261009-burst.tar.part-0324	25000000
zhongxing-storagestacked-offline-20261009-burst.tar.part-0325	25000000
zhongxing-storagestacked-offline-20261009-burst.tar.part-0326	25000000
zhongxing-storagestacked-offline-20261009-burst.tar.part-0327	25000000
zhongxing-storagestacked-offline-20261009-burst.tar.part-0328	25000000
zhongxing-storagestacked-offline-20261009-burst.tar.part-0329	25000000
zhongxing-storagestacked-offline-20261009-burst.tar.part-0330	25000000
zhongxing-storagestacked-offline-20261009-burst.tar.part-0331	25000000
zhongxing-storagestacked-offline-20261009-burst.tar.part-0332	25000000
zhongxing-storagestacked-offline-20261009-burst.tar.part-0333	25000000
zhongxing-storagestacked-offline-20261009-burst.tar.part-0334	25000000
zhongxing-storagestacked-offline-20261009-burst.tar.part-0335	25000000
zhongxing-storagestacked-offline-20261009-burst.tar.part-0336	25000000
zhongxing-storagestacked-offline-20261009-burst.tar.part-0337	25000000
zhongxing-storagestacked-offline-20261009-burst.tar.part-0338	25000000
zhongxing-storagestacked-offline-20261009-burst.tar.part-0339	25000000
zhongxing-storagestacked-offline-20261009-burst.tar.part-0340	25000000
zhongxing-storagestacked-offline-20261009-burst.tar.part-0341	25000000
zhongxing-storagestacked-offline-20261009-burst.tar.part-0342	25000000
zhongxing-storagestacked-offline-20261009-burst.tar.part-0343	25000000
zhongxing-storagestacked-offline-20261009-burst.tar.part-0344	25000000
zhongxing-storagestacked-offline-20261009-burst.tar.part-0345	25000000
zhongxing-storagestacked-offline-20261009-burst.tar.part-0346	25000000
zhongxing-storagestacked-offline-20261009-burst.tar.part-0347	25000000
zhongxing-storagestacked-offline-20261009-burst.tar.part-0348	25000000
zhongxing-storagestacked-offline-20261009-burst.tar.part-0349	25000000
zhongxing-storagestacked-offline-20261009-burst.tar.part-0350	25000000
zhongxing-storagestacked-offline-20261009-burst.tar.part-0351	25000000
zhongxing-storagestacked-offline-20261009-burst.tar.part-0352	25000000
zhongxing-storagestacked-offline-20261009-burst.tar.part-0353	25000000
zhongxing-storagestacked-offline-20261009-burst.tar.part-0354	25000000
zhongxing-storagestacked-offline-20261009-burst.tar.part-0355	25000000
zhongxing-storagestacked-offline-20261009-burst.tar.part-0356	25000000
zhongxing-storagestacked-offline-20261009-burst.tar.part-0357	25000000
zhongxing-storagestacked-offline-20261009-burst.tar.part-0358	25000000
zhongxing-storagestacked-offline-20261009-burst.tar.part-0359	25000000
zhongxing-storagestacked-offline-20261009-burst.tar.part-0360	25000000
zhongxing-storagestacked-offline-20261009-burst.tar.part-0361	25000000
zhongxing-storagestacked-offline-20261009-burst.tar.part-0362	25000000
zhongxing-storagestacked-offline-20261009-burst.tar.part-0363	25000000
zhongxing-storagestacked-offline-20261009-burst.tar.part-0364	25000000
zhongxing-storagestacked-offline-20261009-burst.tar.part-0365	25000000
zhongxing-storagestacked-offline-20261009-burst.tar.part-0366	25000000
zhongxing-storagestacked-offline-20261009-burst.tar.part-0367	25000000
zhongxing-storagestacked-offline-20261009-burst.tar.part-0368	25000000
zhongxing-storagestacked-offline-20261009-burst.tar.part-0369	25000000
zhongxing-storagestacked-offline-20261009-burst.tar.part-0370	25000000
zhongxing-storagestacked-offline-20261009-burst.tar.part-0371	25000000
zhongxing-storagestacked-offline-20261009-burst.tar.part-0372	25000000
zhongxing-storagestacked-offline-20261009-burst.tar.part-0373	25000000
zhongxing-storagestacked-offline-20261009-burst.tar.part-0374	25000000
zhongxing-storagestacked-offline-20261009-burst.tar.part-0375	25000000
zhongxing-storagestacked-offline-20261009-burst.tar.part-0376	25000000
zhongxing-storagestacked-offline-20261009-burst.tar.part-0377	25000000
zhongxing-storagestacked-offline-20261009-burst.tar.part-0378	25000000
zhongxing-storagestacked-offline-20261009-burst.tar.part-0379	25000000
zhongxing-storagestacked-offline-20261009-burst.tar.part-0380	25000000
zhongxing-storagestacked-offline-20261009-burst.tar.part-0381	25000000
zhongxing-storagestacked-offline-20261009-burst.tar.part-0382	25000000
zhongxing-storagestacked-offline-20261009-burst.tar.part-0383	25000000
zhongxing-storagestacked-offline-20261009-burst.tar.part-0384	25000000
zhongxing-storagestacked-offline-20261009-burst.tar.part-0385	25000000
zhongxing-storagestacked-offline-20261009-burst.tar.part-0386	25000000
zhongxing-storagestacked-offline-20261009-burst.tar.part-0387	25000000
zhongxing-storagestacked-offline-20261009-burst.tar.part-0388	25000000
zhongxing-storagestacked-offline-20261009-burst.tar.part-0389	25000000
zhongxing-storagestacked-offline-20261009-burst.tar.part-0390	25000000
zhongxing-storagestacked-offline-20261009-burst.tar.part-0391	25000000
zhongxing-storagestacked-offline-20261009-burst.tar.part-0392	25000000
zhongxing-storagestacked-offline-20261009-burst.tar.part-0393	25000000
zhongxing-storagestacked-offline-20261009-burst.tar.part-0394	25000000
zhongxing-storagestacked-offline-20261009-burst.tar.part-0395	25000000
zhongxing-storagestacked-offline-20261009-burst.tar.part-0396	25000000
zhongxing-storagestacked-offline-20261009-burst.tar.part-0397	25000000
zhongxing-storagestacked-offline-20261009-burst.tar.part-0398	25000000
zhongxing-storagestacked-offline-20261009-burst.tar.part-0399	25000000
zhongxing-storagestacked-offline-20261009-burst.tar.part-0400	25000000
zhongxing-storagestacked-offline-20261009-burst.tar.part-0401	25000000
zhongxing-storagestacked-offline-20261009-burst.tar.part-0402	25000000
zhongxing-storagestacked-offline-20261009-burst.tar.part-0403	25000000
zhongxing-storagestacked-offline-20261009-burst.tar.part-0404	25000000
zhongxing-storagestacked-offline-20261009-burst.tar.part-0405	25000000
zhongxing-storagestacked-offline-20261009-burst.tar.part-0406	25000000
zhongxing-storagestacked-offline-20261009-burst.tar.part-0407	25000000
zhongxing-storagestacked-offline-20261009-burst.tar.part-0408	25000000
zhongxing-storagestacked-offline-20261009-burst.tar.part-0409	25000000
zhongxing-storagestacked-offline-20261009-burst.tar.part-0410	25000000
zhongxing-storagestacked-offline-20261009-burst.tar.part-0411	522560
